0.033575890343141804.jpg,358,009549,285,05298
0.06715178068628361.jpg,358,009549,285,05298
0.10072767102942541.jpg,358,009549,285,05298
0.13430356137256722.jpg,358,009549,285,05298
0.16787945171570903.jpg,358,009549,285,05298
0.20145534205885082.jpg,358,009549,285,05298
0.23503123240199264.jpg,358,009549,285,05298
0.26860712274513443.jpg,358,009549,285,05298
0.3021830130882762.jpg,358,009549,285,05298
0.33575890343141807.jpg,358,009549,285,05298
0.36933479377455986.jpg,358,009549,285,05298
0.40291068411770165.jpg,358,009549,285,05298
0.43648657446084344.jpg,358,009549,285,05298
0.4700624648039853.jpg,358,009549,285,05298
0.5036383551471271.jpg,358,009549,285,05298
0.5372142454902689.jpg,358,009549,285,05298
0.5707901358334107.jpg,358,009554,285,05298
0.6043660261765524.jpg,358,009554,285,05296
0.6379419165196943.jpg,358,009554,285,05296
0.6715178068628361.jpg,358,009554,285,05296
0.7050936972059779.jpg,358,009554,285,05296
0.7386695875491197.jpg,358,009554,285,05296
0.7722454778922615.jpg,358,009554,285,05296
0.8058213682354033.jpg,358,009554,285,05296
0.8393972585785451.jpg,358,009554,285,05296
0.033575890343141804.jpg,358,009549,285,05298
0.06715178068628361.jpg,358,009549,285,05298
0.10072767102942541.jpg,358,009549,285,05298
0.13430356137256722.jpg,358,009549,285,05298
0.16787945171570903.jpg,358,009549,285,05298
0.20145534205885082.jpg,358,009549,285,05298
0.23503123240199264.jpg,358,009549,285,05298
0.26860712274513443.jpg,358,009549,285,05298
0.3021830130882762.jpg,358,009549,285,05298
0.33575890343141807.jpg,358,009549,285,05298
0.36933479377455986.jpg,358,009549,285,05298
0.40291068411770165.jpg,358,009549,285,05298
0.43648657446084344.jpg,358,009549,285,05298
0.4700624648039853.jpg,358,009549,285,05298
0.5036383551471271.jpg,358,009549,285,05298
0.5372142454902689.jpg,358,009549,285,05298
0.5707901358334107.jpg,358,009554,285,05298
0.6043660261765524.jpg,358,009554,285,05296
0.6379419165196943.jpg,358,009554,285,05296
0.6715178068628361.jpg,358,009554,285,05296
0.7050936972059779.jpg,358,009554,285,05296
0.7386695875491197.jpg,358,009554,285,05296
0.7722454778922615.jpg,358,009554,285,05296
0.8058213682354033.jpg,358,009554,285,05296
0.8393972585785451.jpg,358,009554,285,05296
0.033575890343141804.jpg,358,009549,285,05298
0.06715178068628361.jpg,358,009549,285,05298
0.10072767102942541.jpg,358,009549,285,05298
0.13430356137256722.jpg,358,009549,285,05298
0.16787945171570903.jpg,358,009549,285,05298
0.20145534205885082.jpg,358,009549,285,05298
0.23503123240199264.jpg,358,009549,285,05298
0.26860712274513443.jpg,358,009549,285,05298
0.3021830130882762.jpg,358,009549,285,05298
0.33575890343141807.jpg,358,009549,285,05298
0.36933479377455986.jpg,358,009549,285,05298
0.40291068411770165.jpg,358,009549,285,05298
0.43648657446084344.jpg,358,009549,285,05298
0.4700624648039853.jpg,358,009549,285,05298
0.5036383551471271.jpg,358,009549,285,05298
0.5372142454902689.jpg,358,009549,285,05298
0.5707901358334107.jpg,358,009554,285,05298
0.6043660261765524.jpg,358,009554,285,05296
0.6379419165196943.jpg,358,009554,285,05296
0.6715178068628361.jpg,358,009554,285,05296
0.7050936972059779.jpg,358,009554,285,05296
0.7386695875491197.jpg,358,009554,285,05296
0.7722454778922615.jpg,358,009554,285,05296
0.8058213682354033.jpg,358,009554,285,05296
0.8393972585785451.jpg,358,009554,285,05296
